Index,email,title,content,label_1,label_2,label_3,label_4
0,From: assistant@openai.com,Invitation to Talks/Seminar: Request for your expert presence.,"Dear Professor [Last Name],

I hope this email finds you well. I am writing to extend an invitation for you to participate in an upcoming talk/seminar at [University/Organization]. We were highly impressed by your expertise in [specific field] and believe your insights would greatly enrich the event. The talk/seminar is scheduled for [date] and will focus on [specific topic]. We would be honored to have you as a speaker and believe your contribution would be invaluable. Please let us know if you would be available and interested in participating. 

Thank you for your consideration. We look forward to your response.

Best regards,

[Your Name]
[Your Title/Organization]
[Contact Information]",1,0,0,0
1,invite@universityemail.edu,Invitation to Talks or Seminar at [University Name],"Dear Professor [Last Name],

I hope this email finds you well. I am reaching out to extend an invitation to you for an upcoming event at [University Name]. We are organizing a talks or seminar series and believe that your expertise and insights would greatly benefit our audience. The event is scheduled to take place on [Date] and will focus on [Theme/Topic]. We would be honored if you could grace us with your presence and share your knowledge with the attendees. Please let us know your availability and if you'd be interested in participating. Thank you for considering our invitation.

Warm regards,

[Your Name]
[Your Title/Position]
[University Name]",1,0,0,0
2,YourName@universitydomain.com,Invitation to Talks/Seminar at [University],"Dear Professor [Professor's Last Name],

I hope this email finds you well. I am writing on behalf of [Your University/Organization] to extend an invitation to you for an upcoming talks/seminar event that we are hosting.

We have been following your impressive work in the field of [relevant field] and believe that your expertise would greatly enrich our event. The talks/seminar will center around [subject/theme], providing a platform for renowned scholars and experts like yourself to share insights, engage in stimulating discussions, and foster intellectual growth.

We would be honored if you could join us as a guest speaker and deliver a talk on [specific topic]. Your valuable contributions and unique perspective would undoubtedly inspire both students and faculty members attending.

The event is scheduled to take place on [date] at [venue/location]. We have a diverse audience of students, researchers, and members of the academic community who are eager to learn from your experience and expertise.

If you are able to accept our invitation, we would be delighted to discuss further logistics, honorarium, travel arrangements, and any other considerations you may have.

Thank you for considering our invitation. We greatly appreciate your time, and we sincerely hope that you will be able to join us for this exciting event. Please let us know of your availability and any specific requirements as soon as possible.

Looking forward to your positive response.

Best regards,

[Your Name]
[Your Title/Organization]
[Your Contact Information]",1,0,0,0
3,seminarseries@university.edu,Invitation to Participate in Seminar Series,"Dear Professor [Professor's Last Name],

I hope this email finds you well. I am writing to cordially invite you to participate in our upcoming seminar series at [University Name]. We believe your expertise in [Professor's Area of Specialization] would greatly contribute to our discussions. The seminar aims to foster interdisciplinary conversation and provide a platform for sharing knowledge. We would be honored to have you join us as a distinguished speaker. Please let me know of your interest and availability.

Looking forward to your positive response.

Best regards,
[Your Name]
[Your Position/Title]
[University/Organization Name",1,0,0,0
4,researcher@university.edu,Invitation to Present Research in Seminar,"Dear [Professor's Name],

I hope this email finds you well. I am writing to extend an invitation to you for our upcoming seminar on [Topic]. We have heard about your expertise in this field and believe that your insights and research would greatly contribute to the discussions.

The seminar will be held on [date] at [time] in [location]. We would be honored if you would consider presenting your recent research findings during the seminar. This will be an excellent platform to share your work with fellow academics, students, and researchers.

If you are interested in participating, kindly confirm your availability and let us know the title or topic you would like to present. We anticipate that your presentation will last approximately [time]. We will provide necessary audio-visual equipment to aid your presentation.

Thank you for considering our invitation. We look forward to your positive response and the opportunity to hear your valuable insights at our seminar.

Best regards,
[Your Name]
[Your Title/Position]
[University/Organization]",1,0,0,0
5,neuroscience.department@example.com,Invitation to Webinar on Advances in Neuroscience Research,"Dear Professor [Last Name],

I hope this email finds you well. I am writing to extend a warm invitation to our upcoming webinar on Advances in Neuroscience Research. The webinar will feature renowned experts in the field who will be presenting their latest findings and insights. We believe this event will greatly benefit your research interests. Please find attached the webinar details and registration information.

Best regards,
[Your Name]
[Your Title]
[Your Institution/Department]",1,0,0,0
6,webinar@youruniversity.edu,"Invitation to Webinar: ""Exploring Groundbreaking Research in Neuroscience""","Dear Professor [Professor's Last Name],

I hope this email finds you well. My name is [Your Name], a representative from the [Your University]'s Center for Neuroscience Research. I am writing to extend an invitation to a groundbreaking webinar that we are hosting on the topic of ""Exploring Groundbreaking Research in Neuroscience.""

As a distinguished professor in the field of neuroscience, we highly value your expertise and contributions to the academic community. We believe that this webinar will not only be of great interest to you but also offer valuable insights into the latest advancements and trends in the field.

The webinar will feature renowned guest speakers who are leading researchers in the neuroscience field. They will present their cutting-edge research findings and discuss the implications for advancing our understanding of the brain and its functions. Additionally, there will be an interactive Q&A session where participants can engage directly with the speakers and explore various aspects of their research.

We would be honored to have your presence at this webinar, as your valuable perspectives and insights would greatly contribute to the discussion. The webinar is scheduled for [Date] at [Time] and will be hosted online via [Webinar Platform]. 

Please find attached the detailed agenda and speaker profiles for your convenience. We kindly request you to RSVP by [RSVP Deadline] to secure your place. 

Thank you for your time, and we look forward to your positive response.

Best regards,

[Your Name]
[Your Position/Role]
Center for Neuroscience Research
[Your University]",1,0,0,0
7,webinar@university.edu,Invitation to Webinar for University Professors.,"Dear Professor [Last Name],

I hope this email finds you well. I am writing to extend a cordial invitation to you for an upcoming webinar aimed specifically at university professors like yourself.

The webinar, titled ""Exploring Innovative Teaching Methods in Higher Education"", will be held on [Date] from [Time] to [Time]. This engaging session will feature renowned experts in education who will share valuable insights and practical strategies to enhance teaching effectiveness in a university setting.

During the webinar, you will have the opportunity to learn about emerging teaching methodologies, effective use of technology in the classroom, promoting student engagement, assessment techniques, and much more. The session will also include interactive discussions and the chance to connect with other educators from various universities to exchange ideas and experiences.

Attending this webinar can greatly benefit your professional growth as an educator, allowing you to stay updated with the latest trends and best practices in higher education. Moreover, participating in this event can provide you with inspiration to enhance student learning outcomes and foster a dynamic learning environment.

To secure your spot, please RSVP by clicking on the following link [Insert RSVP link]. Once you register, you will receive a confirmation email with further details and instructions.

Thank you for considering this invitation. We look forward to your valuable presence at the webinar.

Best regards,

[Your Name]
[Your Title]
[University/Organization]",1,0,0,0
8,webinarinfo@yourdomain.com,Invitation to webinar on [Topic]: RSVP requested.,"Dear [Professor's Name],

I hope this email finds you in good health. I am reaching out to cordially invite you to a webinar on [Topic]. The webinar will be held on [Date] at [Time] and will be hosted by [Organization/Institution Name]. 

During the webinar, we will delve into [Topic] and discuss its impact on [relevant field/industry]. Renowned experts will be leading the sessions, offering valuable insights and engaging in interactive discussions.

We believe your expertise in [specific area] would greatly contribute to this webinar. Your presence will be highly appreciated by the participants, and your valuable insights will foster meaningful discussions.

Please let us know if you can attend the webinar by [RSVP Date]. We look forward to your positive response and hope to see you there.

Best regards,

[Your Name]
[Your Designation/Organization]
[Contact Information]",1,0,0,0
9,invitations@webinardomain.com,"Invitation to Webinar on [Topic]: [Date], [Time] [Time Zone]","Dear Professor [Last Name],

I hope this email finds you well. I am writing to cordially invite you to a webinar on [Topic]. The webinar will be held on [Date] at [Time] [Time Zone]. We have gathered a panel of experts who will be sharing valuable insights and facilitating discussions on this topic. Your presence and expertise would be highly appreciated. Please let us know if you are available to attend, and we will provide you with further details and a registration link. Thank you in advance for considering our invitation.

Best regards,
[Your Name]",1,0,0,0
10,[StudentFirstName][StudentLastName]@example.com,Meeting Request: Discussing Research Opportunities and Academic Guidance,"Dear Professor [Professor's Last Name],

I hope this email finds you well. I am writing to request a meeting to discuss potential research opportunities and seek academic guidance. As a current student in [Program/Major], I am eager to delve deeper into my field and contribute to ongoing projects under your expertise. I am particularly interested in [Specific Research Area/Topic]. I believe a meeting would provide valuable insights and help align my academic goals. Please let me know if you are available to meet at your convenience. Thank you for your time and consideration.

Kind regards,
[Your Full Name]
[Your Student ID]
[Your Contact Information]",0,1,0,0
11,[firstnamelastname]@universityname.edu,Request for Appointment with Professor [Last Name],"Dear Professor [Last Name],

I hope this email finds you well. I am writing to request an appointment with you to discuss [specific topic, project, or concern]. As a current student in your [insert course name], I would greatly appreciate your guidance and expertise in [explain the purpose of the meeting]. I am available [provide a few options for meeting times, if applicable]. Please let me know if any of these times work for you, or if you have an alternative suggestion. Thank you for considering my request, and I look forward to meeting with you soon.

Best regards,
[Your Full Name]
[Your Student ID/Program]",0,1,0,0
12,studentname@example.com,Meeting Request for Class Addition,"Dear Professor [Professor's Last Name],

I hope this email finds you well. I am writing to kindly request a meeting with you to discuss the possibility of adding a class to my schedule for the upcoming semester. I am very interested in [Course Name] and believe it would greatly benefit my academic and professional goals.

I have reviewed the course description and prerequisites, and I am confident that I have the necessary background knowledge and skills to successfully participate. I would greatly appreciate your guidance and support in adding this class to my schedule.

Please let me know if there is a convenient time for you to meet. I look forward to discussing this further with you.

Thank you for your time and consideration.

Best regards,
[Student's Name]",0,1,0,0
13,john.doe@example.com,Meeting request for discussion on upcoming research proposal - Urgent,"Dear Professor [Professor's Last Name],

I hope this email finds you well. I am writing to request a meeting with you to discuss my upcoming research proposal. As a current student in your [Course Name], I am seeking your guidance and expertise to further refine my project. I believe your insights will greatly contribute to its success. Considering the urgency of the matter, I would greatly appreciate if we could schedule a meeting at your earliest convenience. Please let me know your availability, and I will ensure my schedule aligns accordingly.

Thank you for your time and consideration.

Best regards,
[Your Full Name]
[Your Student ID]
[Your Email Address]
[Your Contact Number]",0,1,0,0
14,john.smith@example.com,Meeting request for academic guidance and mentorship.,"Dear Professor [Professor's Last Name],

I hope this email finds you well. As a current student in your [course name] class, I greatly admire your expertise in the subject. I am writing to request a meeting with you to discuss my academic goals and seek your guidance and mentorship. Your insights and experience would be invaluable in shaping my future academic pursuits. Please let me know of a convenient time for us to meet. Thank you for your consideration.

Best regards,
[Your Full Name]",0,1,0,0
15,campusnotifications@university.edu,Important Announcement for University Students,"Dear Professor [Professor's Last Name],

I hope this email finds you well. I am writing to inform you about an important announcement regarding an upcoming event at our university.

We are excited to announce that our annual university research symposium will be taking place on [Date] from [Time]. This event is a wonderful opportunity for students to showcase their research projects, network with fellow scholars, and engage in intellectual discussions across various disciplines.

We encourage you to spread the word among your students and consider encouraging them to participate in this event. It is a fantastic platform for students to enhance their presentation skills, gain recognition for their research endeavors, and receive valuable feedback from esteemed faculty members like yourself.

We kindly request your support in promoting this event within your department and assisting interested students with their preparations and registration. Additionally, if you or any of your colleagues would be interested in volunteering as judges or panel moderators, we would be thrilled to have your involvement.

Further details and registration information will be shared in the coming weeks. We appreciate your assistance in making this event a success and fostering a culture of research and academic excellence at our university.

Thank you for your cooperation and support.

Best regards,

[Your Name]
[Your Position/Title]
[University Name]",0,1,0,0
16,greenstudiesdept@exampleuniversity.edu,Invitation to speak at upcoming university seminar on environmental studies,"Dear Professor [Professor's Last Name],

I hope this email finds you well. I am writing to invite you to speak at our upcoming university seminar on environmental studies. Your expertise in the field would greatly enrich our event. The seminar is scheduled for [date] from [time] at [location]. We kindly request a 30-minute lecture followed by a Q&A session. Please let us know if you would be available and interested in participating. We look forward to hearing from you.

Best regards,
[Your Name]
[Your Title]
[University Name]",0,1,0,0
17,noreply@universityemail.com,School Announcement: Important Information Regarding Upcoming Course Changes,"Dear [Professor's Name],

I hope this email finds you well. I am writing to inform you about some important changes regarding the upcoming course schedule at our university. 

Due to unforeseen circumstances, there have been some modifications made to the course offerings for the upcoming semester. As a result, there have been adjustments made to the course timings, locations, and instructor assignments for several classes. 

It is crucial that you review the updated course schedule as soon as possible to ensure that you have the most accurate information for your classes. The revised schedule can be accessed on the university's website under the ""Course Schedule"" section.

If you have any questions or concerns regarding these changes, please do not hesitate to reach out to the department office or your respective program coordinator. We apologize for any inconvenience caused and appreciate your understanding and cooperation during this transition.

Thank you for your attention to this matter.

Sincerely,

[Your Name]
[Your Position]
[Your Department]",0,1,0,0
18,registrar@university.edu,School Announcement: Important Deadline for Course Registration ¨C Spring Semester,"Dear Professor [Professor's Last Name],

I hope this email finds you well. I am writing to inform you about an important deadline for course registration for the upcoming Spring Semester at [University Name]. As the registrar's office, we wanted to ensure that you and your students are aware of the following information.

The deadline for course registration for the Spring Semester is quickly approaching. All students must finalize their course selections by [specific date] to secure their enrollment in the desired courses. It is crucial that you inform your students of this deadline and emphasize the importance of promptly registering for their preferred classes.

Additionally, we kindly request that you review your course rosters and notify us of any discrepancies or issues as soon as possible. Our team will be available to assist you with any registration-related queries or concerns.

Thank you for your attention to this matter. We greatly appreciate your support in ensuring a smooth and efficient registration process for our students. Please don't hesitate to reach out if you have any questions or require further assistance.

Warm regards,
[Your Name]
Registrar's Office
[University Name]
Email: registrar@university.edu
Phone: [Contact Number]",0,1,0,0
19,academicconference@university.edu,Invitation to speak at upcoming academic conference.,"Dear Professor [Professor's Last Name],

I hope this email finds you well. I am writing to invite you as a keynote speaker at the upcoming academic conference at our university. We greatly admire your expertise in [specific field] and believe that your insights will greatly contribute to the intellectual discussions taking place during the event. Your extensive research and accomplishments align perfectly with the conference's theme and objectives. We kindly request your presence on [conference date] to deliver a keynote address and inspire fellow academicians. Please let us know if you would be available and interested in this opportunity. We greatly look forward to your response.

Best regards,

[Your Name]
[Your Title/Organization]
[University Name]",0,1,0,0
20,applicant123@example.com,Grad School Application Inquiry,"Dear Professor [Last Name],

I am writing to express my interest in applying to your research group. I have completed my undergraduate studies in [Field] and would like to discuss the potential research opportunities in [Specific Area]. Thank you for your time and consideration.",0,0,1,0
21,applicant123@example.com,Grad School Application,"Dear [Professor's Last Name],

I hope this email finds you well. I am writing to express my strong interest in applying to your esteemed university's graduate school program. After thorough research, I am convinced that the program aligns perfectly with my academic and career goals. I have attached my application materials, including my CV, transcript, and statement of purpose. I would greatly appreciate your consideration of my application. Thank you for your time and assistance.

Sincerely,
[Your Name]",0,0,1,0
22,john.doe@example.com,Grad School Application Inquiry,"Dear [Professor's Name],

I hope this email finds you well. I am writing to inquire about the grad school application process at [University Name]. Could you please provide me with more information regarding the application requirements and any upcoming deadlines? Thank you for your time.

Sincerely,
[Your Name]",0,0,1,0
23,johndoe@example.com,Grad School Application Inquiry,"Dear [Professor's Name],

I hope this email finds you well. My name is [Your Name] and I am reaching out to express my interest in applying for the graduate program at [University Name]. 

Having thoroughly researched your esteemed institution, I am greatly fascinated by the comprehensive curriculum and the remarkable contributions of your faculty members in the field of [Field of Interest]. The opportunity to learn from experienced professors such as yourself would be invaluable in shaping my academic and professional journey.

I am particularly drawn to your research on [Professor's Research Area]. Your innovative approach and significant contributions to the field inspire me to further explore and contribute to the advancements in this area. 

Currently, I have completed my undergraduate degree in [Major/Field of Study] from [University/College Name]. Throughout my academic journey, I have dedicated myself to pursuing knowledge and have consistently achieved outstanding results, as reflected in my academic transcripts.

In addition, I have actively engaged in various research projects, presented papers at conferences, and acquired practical experience through internships in relevant industries. These experiences have reinforced my passion for [Field of Study] and prepared me for the challenges of graduate-level research.

I would greatly appreciate any information about the specific requirements and application process of the graduate program at [University Name]. Additionally, I would be thrilled to receive any guidance or advice on how to strengthen my application.

Thank you for considering my inquiry. I look forward to hearing from you and learning more about the opportunities available in your distinguished graduate program.

Sincerely,
[Your Name]",0,0,1,0
24,applicant123@example.com,Grad School Application Inquiry,"Dear [Professor's Last Name],

I hope this email finds you well. I am writing to inquire about the graduate program at [University Name]. I have recently completed my undergraduate degree in [Major/Field] at [Your Current University] and am keen to further my education in your esteemed institution.

I have thoroughly researched your program and admired the cutting-edge research being conducted by your esteemed faculty, particularly in the area of [Research Interest]. I am particularly interested in pursuing my Master's/PhD in [Specific Program] under your guidance, as your expertise aligns perfectly with my research goals.

Could you please provide me with more information regarding the application process, required documents, and any upcoming deadlines? I would be grateful for any advice or guidance you can offer.

Thank you for considering my request. I look forward to your response.

Sincerely,
[Your Full Name]",0,0,1,0
25,student1234@email.com,Request for Interview,"Dear Professor [Professor's Last Name],

I hope this email finds you well. I am writing to kindly request an interview regarding my research topic. I believe your expertise and insights would greatly enhance my understanding of the subject matter. Thank you for considering my request.

Sincerely,
[Your Name]",0,0,1,0
26,,Request for Interview with Professor [Last Name],"Dear Professor [Last Name],

I hope this email finds you well. I am writing to request an interview with you for my research project on [topic]. Your expertise in this field and your contributions to academia have greatly impressed me, and I believe that an interview with you would provide valuable insights for my study.

I am particularly interested in discussing [specific aspects or questions related to the topic] and learning from your experiences and perspectives. I am flexible with the interview format and can accommodate your preferred method, whether it be in-person, over the phone, or via email.

I would be immensely grateful for the opportunity to speak with you and delve deeper into the subject matter. Please let me know if you would be available for a brief interview at your convenience.

Thank you for considering my request. I look forward to your positive response.

Best regards,
[Your Name]
[Your University/Organization]
[Your Contact Information]",0,0,1,0
27,"Subject: Request for Interview: [Professor's Name] - Interview
Sender Email Address: [YourEmailAddress]",Request for Interview: Request for Interview with [Professor's Name],"Dear Professor [Professor's Name],

I hope this email finds you well. My name is [Your Name] and I am a [Your Academic Position] at [Your University/Organization]. I am writing to kindly request an interview with you for [Specify the reason for the interview: research project, thesis, etc.]. I am fascinated by your work in [Specific Field] and I believe an interview with you would greatly contribute to my understanding of the subject. Please let me know at your earliest convenience if you would be available for a brief interview. Thank you for considering my request.

Kind regards,
[Your Name]",0,0,1,0
28,[email protected],Request for Interview,"Dear Professor [Professor's Last Name],

I hope this email finds you well. I am writing to kindly request an interview with you for my research project on [Topic]. Your expertise in this field and your valuable contributions as a university professor make you an ideal interviewee. I am particularly interested in exploring [specific aspects]. The interview will take approximately [duration]. I greatly appreciate your consideration and look forward to the opportunity to learn from your insights.

Thank you for your time and consideration.

Sincerely,
[Your Name]",0,0,1,0
29,researchstudent@university.edu,Request for Interview: Invitation to Discuss Research Opportunities,"Dear [Professor's Name],

I hope this email finds you well. My name is [Your Name] and I am a [year] research student at [University Name], pursuing [your degree program]. I am reaching out to you with great interest in your research expertise and would appreciate the opportunity to interview you regarding potential research opportunities.

After conducting extensive research on various academic articles and publications, I came across your work on [mention specific topic or research project]. I am particularly fascinated by your innovative approach and the significant contributions your research has made to the field. It would be an honor to discuss your methodology, insights, and potential areas of collaboration.

I am driven by a deep passion for [mention your area of interest or specialization] and admire the interdisciplinary nature of your research. I believe that engaging in a discussion with you would not only enhance my understanding of the subject matter but also provide valuable insights for my own research endeavors.

I would be grateful if we could arrange a convenient time for an interview, either in person or via video call. Your guidance and expertise would be immensely beneficial in shaping my research direction and potential collaboration opportunities.

Thank you for considering my request. I look forward to the possibility of discussing research opportunities with you.

Sincerely,
[Your Name]
[Your Contact Information]",0,0,1,0
30,sender@university.edu,Academic Question from Collaborators and Research Group Members,"Dear Professor [Professor's Last Name],

I hope this email finds you well. I am reaching out as a member of your research group/collaborator with an academic question. We have recently come across a challenging aspect in our research/project and would greatly appreciate your expertise and guidance. Specifically, we would like assistance in understanding [briefly describe the nature of the question]. Your insights and feedback would be invaluable to us as we progress in our work. We are looking forward to your kind assistance.

Thank you very much for your time and attention.

Best regards,
[Your Name]",0,0,0,1
31,researchgroup1234@email.com,Academic Inquiry from Collaborators and Research Group Members,"Dear Professor [Last Name],

I hope this email finds you well. As collaborators and members of our research group, we had a few academic questions that we would greatly appreciate your guidance on. Our inquiries pertain to [specific topic/issue/question]. We value your expertise and insights, and we believe your input will significantly contribute to the progress of our research. Thank you in advance for your time and support.

Best regards,
[Your Name]",0,0,0,1
32,researchgroup@universitydomain.com,Academic Inquiry from Collaborators and Research Group Members.,"Dear Professor [Professor's Last Name],

I hope this email finds you well. 

I am reaching out on behalf of our research group and collaborators regarding an academic question that has come up during our research project. We have been discussing [specific topic/question] and would greatly appreciate your expertise and guidance in clarifying certain aspects.

Given your extensive knowledge and experience in the field, we believe your input would be invaluable in helping us move forward with our research. Any insights or suggestions you can provide will directly contribute to the advancement of our study and its outcomes.

We understand the demands on your time and would be most grateful for any support you can offer. We would be more than happy to schedule a meeting or discuss the matter via email, whichever is most convenient for you.

Thank you in advance for your consideration. We truly value your expertise and look forward to hearing from you.

Best regards,

[Your Name]
[Your Affiliation/Position]
[Your Contact Information]",0,0,0,1
33,academicquestions@gmail.com,Regarding Academic Question from Collaborators and Research Group Members,"Dear Professor [Last Name],

I hope this email finds you well. We are reaching out as collaborators and members of the research group with an academic question. We seek your expertise on [specific topic or issue]. Your insights would greatly contribute to our ongoing research project. We would appreciate any guidance or recommendations you could provide. Thank you in advance for your time and consideration.

Best regards,
[Your Name]",0,0,0,1
34,researchgroup@universityname.edu,Academic Inquiries from Collaborators and Research Group Members.,"Dear [Professor's Name],

I hope this email finds you well. I am writing to inquire about some academic questions on behalf of our collaborators and members of our research group. We have encountered certain challenges and uncertainties that require your expertise and guidance. We value your input and would greatly appreciate your insight on these matters. Would it be possible to arrange a meeting or schedule a time for a discussion? Your support would be invaluable to our research endeavors.

Thank you for your time and consideration.

Best regards,
[Your Name]",0,0,0,1
35,Subject: Request for Referee from Collaborators and Research Group Members,Request for Referee from Collaborators and Research Group Members,"Dear [Professor's Name],

I hope this email finds you well. As collaborators and members of the research group led by [Your Name], we write to kindly request your support as a referee for our upcoming project publication. Your expertise in [relevant field] and extensive knowledge would be invaluable in providing an objective evaluation of our work. We greatly appreciate your time and consideration in advance. Please let us know if you require any additional information.

Thank you and best regards,

[Your Name]
[Your University/Institution]",0,0,0,1
36,researchgroup@universitydomain.com,Request for Referee on Behalf of Collaborators and Group Members,"Dear Professor [Last Name],

I hope this email finds you well. On behalf of our research group and collaborators, I am writing to kindly request your support as a referee for our upcoming research publication. Your expertise in the field would greatly contribute to the rigorous evaluation of our work. We have attached the manuscript and relevant documents for your review. Thank you for considering our request.

Best regards,
[Your Name]
[Your Title/Position]
[Your Affiliation]",0,0,0,1
37,researchgroupemail@universitydomain.com,Request for Referee from Collaborators and Research Group Members,"Dear Professor [Professor's Last Name],

We hope this email finds you well. We are writing to kindly request your support as a referee for our research project. As collaborators and members of the [Research Group Name], we greatly value your expertise in the field. Your input as a referee would significantly enhance the quality and credibility of our work. We would be grateful if you could spare some time to review our research project. Thank you very much for considering our request.

Best regards,
[Your Name]
[Collaborator/Research Group Member]",0,0,0,1
38,DearProfessor@[universityname].edu,Request for Referee from Collaborators and Research Group Members,"Dear Professor [Last Name],

I hope this email finds you well. 

I am writing to kindly request your assistance as a referee for our team's upcoming research publication. As collaborators and members of the same research group, we greatly value your expertise and insights in the field of [specific field].

Our research project focuses on [briefly describe the research project and its significance]. After months of dedication and rigorous data analysis, we are now in the final stages of preparing our manuscript for submission to [journal/conference name].

Given your extensive knowledge and experience in this field, we believe that your impartial evaluation of our work would greatly contribute to its overall quality and increase its chances of being accepted for publication. Your expertise in [specific area] would be particularly beneficial in assessing the robustness of our methodology and the validity of our findings.

We kindly urge you to consider serving as a referee for our manuscript. The deadline for submission is approaching fast, and we would greatly appreciate receiving your feedback within [reasonable timeframe]. If you are unable to commit to this request, we would be grateful if you could suggest a suitable alternative.

Thank you for your time, and we look forward to hearing from you soon.

Best regards,

[Your Name]
[Your Academic Affiliation]
[Your Contact Information]",0,0,0,1
39,researchgroup@example.com,Request for Referee from Collaborators and Research Group Members.,"Dear [Professor's Full Name],

I hope this email finds you well. I am writing on behalf of our collaborators and research group members to kindly request if you would be willing to serve as a referee for our upcoming research project. 

We have carefully selected you for your expertise in [relevant field] and believe that your insights and evaluation would greatly contribute to the validity and quality of our work. Your thorough assessment and feedback would immensely enhance the credibility of our research findings.

We understand that you may be occupied with various commitments, so we greatly appreciate any time and effort you can spare for this endeavor. Should you accept our request, we will provide you with all necessary documentation and details.

Thank you for considering our request. We look forward to your positive response.

Sincerely,
[Your Full Name]
[Your Affiliation]",0,0,0,1
